,Название региона,название ТИК,номер УИК,1,2,3,4,5,6,7,8,9,10,11,12,13,14,15,16,17,18,19,20
0,Республика Коми,Воркутинская городская,115,1378,535,0,526,9,0,9,526,0,535,0,0,4,61,69,386,7,2,2,4
1,Республика Коми,Воркутинская городская,116,738,700,0,201,4,495,4,201,5,200,0,0,1,14,31,148,1,1,4,0
2,Республика Коми,Воркутинская городская,117,1293,640,0,634,6,0,6,633,3,636,0,0,3,73,82,457,11,4,3,3
3,Республика Коми,Воркутинская городская,118,1149,518,0,513,5,0,5,512,7,510,0,0,1,65,63,356,10,7,4,4
4,Республика Коми,Воркутинская городская,119,1489,662,0,650,12,0,12,650,4,658,0,0,4,53,61,525,7,1,5,2
5,Республика Коми,Воркутинская городская,120,1037,434,0,432,2,0,2,432,3,431,0,0,4,46,52,312,6,4,5,2
6,Республика Коми,Воркутинская городская,121,945,406,0,398,8,0,8,398,8,398,0,0,7,34,43,299,4,2,2,7
7,Республика Коми,Воркутинская городская,122,1133,503,0,494,9,0,9,493,9,493,0,0,2,49,50,373,9,4,1,5
8,Республика Коми,Воркутинская городская,123,968,366,0,360,6,0,6,359,3,362,0,0,3,54,41,251,4,2,2,5
9,Республика Коми,Воркутинская городская,124,507,450,0,312,2,136,2,312,6,308,0,0,1,17,23,249,8,0,6,4
10,Республика Коми,Воркутинская городская,125,2006,942,0,918,24,0,23,915,12,926,0,0,6,85,116,687,11,12,4,5
11,Республика Коми,Воркутинская городская,126,1366,599,0,580,19,0,19,580,4,595,0,0,2,38,70,469,7,4,3,2
12,Республика Коми,Воркутинская городская,127,1545,719,0,701,18,0,18,700,9,709,0,0,3,71,79,533,13,3,3,4
13,Республика Коми,Воркутинская городская,128,1672,798,0,784,14,0,14,781,9,786,0,0,3,82,80,592,11,3,7,8
14,Республика Коми,Воркутинская городская,129,1387,723,0,713,10,0,10,711,3,718,0,0,4,68,84,537,11,7,3,4
15,Республика Коми,Воркутинская городская,130,2116,1069,0,1047,22,0,21,1047,18,1050,0,0,6,84,113,806,21,6,3,11
16,Республика Коми,Воркутинская городская,131,1318,613,0,601,12,0,12,601,6,607,0,0,9,61,73,443,9,7,3,2
17,Республика Коми,Воркутинская городская,132,1651,854,0,843,11,0,11,840,5,846,0,0,3,84,92,629,11,11,3,13
18,Республика Коми,Воркутинская городская,133,2572,1266,0,1253,13,0,13,1250,11,1252,0,0,10,106,160,929,17,12,8,10
19,Республика Коми,Воркутинская городская,134,1626,822,0,816,6,0,6,815,8,813,0,0,5,105,88,579,14,4,6,12
20,Республика Коми,Воркутинская городская,135,1697,936,0,925,11,0,11,921,6,926,0,0,2,110,90,693,15,8,4,4
21,Республика Коми,Воркутинская городская,136,1552,840,0,831,9,0,9,830,2,837,0,0,5,83,85,622,16,6,7,13
22,Республика Коми,Воркутинская городская,137,1468,811,0,808,3,0,3,805,10,798,0,0,6,86,70,603,15,6,5,7
23,Республика Коми,Воркутинская городская,138,1244,689,0,681,8,0,8,681,9,680,0,0,10,75,65,510,10,1,5,4
24,Республика Коми,Воркутинская городская,139,1107,595,0,586,9,0,9,585,3,591,0,0,7,58,50,449,14,1,4,8
25,Республика Коми,Воркутинская городская,140,1468,747,0,743,4,0,4,742,2,744,0,0,9,62,80,561,12,3,12,5
26,Республика Коми,Воркутинская городская,141,1447,760,0,751,9,0,9,751,8,752,0,0,3,68,84,565,15,6,5,6
27,Республика Коми,Воркутинская городская,142,1609,826,0,820,6,0,6,815,11,810,0,0,5,82,88,608,10,3,5,9
28,Республика Коми,Воркутинская городская,143,1478,726,0,716,10,0,10,714,9,715,0,0,3,54,88,536,12,4,8,10
29,Республика Коми,Воркутинская городская,144,1572,808,0,794,14,0,14,794,7,801,0,0,6,81,78,604,14,6,3,9
30,Республика Коми,Воркутинская городская,145,1412,797,0,789,8,0,8,789,3,794,0,0,2,70,73,620,9,9,4,7
31,Республика Коми,Воркутинская городская,146,1548,836,0,821,15,0,15,819,13,821,0,0,6,91,89,596,19,4,6,10
32,Республика Коми,Воркутинская городская,147,1285,653,0,643,10,0,9,640,2,647,0,0,4,91,70,461,7,4,3,7
33,Республика Коми,Воркутинская городская,148,1302,718,0,705,13,0,13,704,6,711,0,0,5,65,70,535,20,6,4,6
34,Республика Коми,Воркутинская городская,149,1342,716,0,708,8,0,8,707,5,710,0,0,2,78,77,535,6,3,2,7
35,Республика Коми,Воркутинская городская,150,2376,1241,0,1225,16,0,16,1220,8,1228,0,0,10,118,132,920,20,6,6,16
36,Республика Коми,Воркутинская городская,151,1613,1250,0,785,143,322,143,785,13,915,0,0,4,84,133,647,30,5,3,9
37,Республика Коми,Воркутинская городская,152,798,747,257,108,1,381,258,108,14,352,0,0,1,35,51,244,11,1,4,5
38,Республика Коми,Воркутинская городская,153,1351,663,0,650,13,0,13,650,5,658,0,0,4,90,63,472,11,3,6,9
39,Республика Коми,Воркутинская городская,154,894,444,0,439,5,0,5,439,6,438,0,0,3,54,54,306,7,6,3,5
40,Республика Коми,Воркутинская городская,155,1512,1300,0,747,7,546,7,747,8,746,0,0,8,69,78,555,20,8,5,3
41,Республика Коми,Воркутинская городская,156,755,650,0,386,6,258,6,386,4,388,0,0,0,48,59,266,4,5,2,4
42,Республика Коми,Воркутинская городская,157,1381,674,0,657,17,0,17,657,3,671,0,0,4,54,84,494,13,2,8,12
43,Республика Коми,Воркутинская городская,158,1114,977,11,442,11,513,22,442,6,458,0,0,5,43,49,344,5,5,1,6
44,Республика Коми,Воркутинская городская,159,1736,787,0,771,16,0,16,771,8,779,0,0,8,79,108,554,16,5,6,3
45,Республика Коми,Воркутинская городская,160,337,300,0,172,7,121,7,172,0,179,0,0,1,11,12,150,1,0,2,2
46,Республика Коми,Воркутинская городская,161,344,250,0,186,4,60,4,186,3,187,0,0,3,15,32,130,4,3,0,0
47,Республика Коми,Воркутинская городская,162,123,121,0,57,64,0,64,57,0,121,0,0,2,5,15,94,3,0,0,2
48,Республика Коми,Воркутинская городская,665,14,16,0,14,0,2,0,14,0,14,0,0,1,0,0,13,0,0,0,0
49,Республика Коми,Воркутинская городская,666,17,19,0,16,0,3,0,16,0,16,0,0,0,0,6,10,0,0,0,0
50,Республика Коми,Воркутинская городская,667,24,26,0,22,0,4,0,22,1,21,0,0,1,0,1,19,0,0,0,0
51,Республика Коми,Вуктыльская городская,236,218,190,21,104,10,55,31,104,2,133,0,0,2,12,14,99,1,1,4,0
52,Республика Коми,Вуктыльская городская,237,609,600,20,240,30,310,50,240,8,282,0,0,0,31,44,201,2,2,2,0
53,Республика Коми,Вуктыльская городская,238,1627,1300,0,936,27,337,27,936,22,941,0,0,8,113,128,652,18,7,10,5
54,Республика Коми,Вуктыльская городская,239,1462,1200,0,824,39,337,39,824,12,851,0,0,9,109,85,619,13,6,8,2
55,Республика Коми,Вуктыльская городская,240,2050,1600,0,1317,44,239,44,1316,27,1333,0,0,11,161,152,960,24,9,7,9
56,Республика Коми,Вуктыльская городская,241,1475,1100,0,958,42,100,42,958,12,988,0,0,9,120,116,708,21,5,7,2
57,Республика Коми,Вуктыльская городская,242,2157,1700,0,1292,46,362,45,1281,29,1297,0,0,7,177,147,923,19,4,11,9
58,Республика Коми,Вуктыльская городская,243,181,180,0,87,8,85,8,87,0,95,0,0,2,7,11,74,0,1,0,0
59,Республика Коми,Вуктыльская городская,244,176,160,0,102,2,56,2,102,2,102,0,0,0,7,17,73,2,2,1,0
60,Республика Коми,Вуктыльская городская,245,691,650,0,322,31,297,31,322,9,344,0,0,4,58,29,244,4,1,2,2
61,Республика Коми,Вуктыльская городская,246,90,100,4,40,23,33,27,40,0,67,0,0,0,3,13,49,2,0,0,0
62,Республика Коми,Вуктыльская городская,668,51,100,0,14,37,49,37,14,0,51,0,0,1,1,4,40,4,0,1,0
63,Республика Коми,Ижемская,297,244,250,0,141,7,102,7,141,0,148,0,0,1,17,9,114,3,4,0,0
64,Республика Коми,Ижемская,298,275,270,0,160,14,96,14,160,3,171,0,0,0,3,23,144,0,0,0,1
65,Республика Коми,Ижемская,299,643,630,0,295,18,317,18,295,5,308,0,0,3,15,18,263,0,8,0,1
66,Республика Коми,Ижемская,300,315,280,33,159,11,77,44,159,7,196,0,0,1,15,13,165,0,2,0,0
67,Республика Коми,Ижемская,301,434,400,0,269,28,103,28,269,4,293,0,0,2,42,30,206,5,1,3,4
68,Республика Коми,Ижемская,302,826,770,0,410,57,303,57,410,1,466,0,0,3,59,38,361,4,1,0,0
69,Республика Коми,Ижемская,303,691,640,0,373,39,228,39,373,2,410,0,0,13,71,26,291,4,2,2,1
70,Республика Коми,Ижемская,304,962,900,7,488,27,378,34,488,10,512,0,0,1,71,45,381,7,4,1,2
71,Республика Коми,Ижемская,305,233,220,0,155,6,59,6,155,0,161,0,0,2,20,14,118,0,1,2,4
72,Республика Коми,Ижемская,306,1820,1700,0,1082,20,598,20,1082,13,1089,0,0,7,227,79,722,29,6,5,14
73,Республика Коми,Ижемская,307,1241,1100,0,729,66,305,66,729,13,782,0,0,2,151,48,546,12,10,2,11
74,Республика Коми,Ижемская,308,143,130,0,86,0,44,0,86,1,85,0,0,1,6,10,66,1,0,1,0
75,Республика Коми,Ижемская,309,515,470,0,313,21,136,21,313,4,330,0,0,6,60,18,238,2,2,3,1
76,Республика Коми,Ижемская,310,491,430,0,301,26,103,26,301,5,322,0,0,3,45,26,230,6,6,3,3
77,Республика Коми,Ижемская,311,493,480,0,250,50,180,50,250,6,294,0,0,2,32,32,221,1,2,2,2
78,Республика Коми,Ижемская,312,193,180,0,144,9,27,9,144,1,152,0,0,0,8,13,127,0,3,0,1
79,Республика Коми,Ижемская,313,318,300,0,212,7,81,7,212,2,217,0,0,2,18,21,166,5,3,1,1
80,Республика Коми,Ижемская,314,227,200,0,150,6,44,6,150,2,154,0,0,1,15,10,126,0,2,0,0
81,Республика Коми,Ижемская,315,441,400,7,303,22,68,29,303,9,323,0,0,3,29,39,245,3,1,2,1
82,Республика Коми,Ижемская,316,2252,2000,0,1180,75,745,75,1180,15,1240,0,0,3,184,114,903,7,7,12,10
83,Республика Коми,Ижемская,317,555,550,58,283,37,172,95,283,4,374,0,0,0,20,20,326,3,3,1,1
84,Республика Коми,Ижемская,318,489,470,0,300,11,159,11,300,5,306,0,0,2,26,31,242,2,1,1,1
85,Республика Коми,Ижемская,319,269,250,0,160,13,77,13,160,0,173,0,0,0,15,10,140,2,4,0,2
86,Республика Коми,Ижемская,320,687,650,72,343,36,199,108,343,4,447,0,0,5,54,69,312,3,2,2,0
87,Республика Коми,Интинская городская,163,648,450,234,194,0,22,234,194,0,428,0,0,1,40,58,306,6,8,2,7
88,Республика Коми,Интинская городская,164,91,80,0,62,2,16,2,62,0,64,0,0,1,0,0,63,0,0,0,0
89,Республика Коми,Интинская городская,165,189,160,42,89,12,17,54,89,4,139,0,0,0,4,8,123,2,0,1,1
90,Республика Коми,Интинская городская,166,418,400,37,183,24,156,61,183,1,243,0,0,0,13,22,204,1,0,3,0
91,Республика Коми,Интинская городская,167,810,650,91,279,22,258,113,279,8,384,0,0,2,63,46,258,5,3,5,2
92,Республика Коми,Интинская городская,168,1735,1500,0,807,46,647,46,807,22,831,0,0,6,113,89,590,8,8,8,9
93,Республика Коми,Интинская городская,169,780,650,0,339,17,294,17,338,7,348,0,0,0,40,50,252,4,1,0,1
94,Республика Коми,Интинская городская,170,2017,1600,0,993,17,590,17,993,15,995,0,0,4,135,113,685,29,9,12,8
95,Республика Коми,Интинская городская,171,1580,1200,0,782,30,388,30,782,15,797,0,0,11,137,88,527,11,8,10,5
96,Республика Коми,Интинская городская,172,1166,1000,0,606,17,377,17,604,11,610,0,0,5,67,83,421,12,5,7,10
97,Республика Коми,Интинская городская,173,1357,1150,0,699,12,439,12,699,10,701,0,0,4,92,63,509,15,6,3,9
98,Республика Коми,Интинская городская,174,1609,1100,0,840,12,248,12,840,10,842,0,0,10,101,98,602,12,3,7,9
99,Республика Коми,Интинская городская,175,1363,1100,0,721,16,363,16,721,11,726,0,0,4,111,96,473,12,13,4,13
100,Республика Коми,Интинская городская,176,1408,1100,0,722,13,365,13,722,13,722,0,0,9,108,69,503,9,8,8,8
101,Республика Коми,Интинская городская,177,1403,1100,0,671,22,407,22,671,8,685,0,0,2,88,78,485,10,10,5,7
102,Республика Коми,Интинская городская,178,1404,1100,0,696,17,387,17,695,9,703,0,0,7,80,72,518,9,2,3,12
103,Республика Коми,Интинская городская,179,1570,1250,0,782,24,444,24,782,15,791,0,0,9,111,71,567,17,6,4,6
104,Республика Коми,Интинская городская,180,1279,1200,0,580,25,595,25,580,6,599,0,0,7,77,62,429,14,3,3,4
105,Республика Коми,Интинская городская,181,1829,1500,0,880,16,604,16,880,18,878,0,0,4,126,109,585,25,11,8,10
106,Республика Коми,Интинская городская,182,938,800,0,467,11,322,11,467,12,466,0,0,13,70,48,317,2,5,5,6
107,Республика Коми,Интинская городская,183,641,500,0,262,18,220,18,262,5,275,0,0,3,38,24,198,5,4,0,3
108,Республика Коми,Интинская городская,184,451,400,0,238,27,135,27,238,3,262,0,0,2,27,29,199,1,1,1,2
109,Республика Коми,Интинская городская,185,803,700,0,271,8,421,8,271,3,276,0,0,4,43,38,174,8,3,1,5
110,Республика Коми,Интинская городская,186,149,250,0,27,120,103,120,27,1,146,0,0,0,10,17,109,6,0,3,1
111,Республика Коми,Княжпогостская,407,1117,1100,513,361,28,198,541,361,24,878,0,0,14,104,180,535,26,8,6,5
112,Республика Коми,Княжпогостская,408,283,250,22,173,7,48,29,173,2,200,0,0,3,11,19,163,4,0,0,0
113,Республика Коми,Княжпогостская,409,44,40,8,14,0,18,8,14,0,22,0,0,0,4,0,18,0,0,0,0
114,Республика Коми,Княжпогостская,410,218,200,31,69,15,85,46,69,1,114,0,0,1,12,8,90,1,1,1,0
115,Республика Коми,Княжпогостская,411,355,300,45,148,16,91,61,148,0,209,0,0,0,16,18,169,3,2,1,0
116,Республика Коми,Княжпогостская,412,179,150,0,96,15,39,15,96,0,111,0,0,2,8,23,77,0,1,0,0
117,Республика Коми,Княжпогостская,413,56,40,0,24,0,16,0,24,0,24,0,0,0,0,4,20,0,0,0,0
118,Республика Коми,Княжпогостская,414,1560,1300,0,1034,26,240,26,1034,25,1035,0,0,3,145,188,663,13,6,13,4
119,Республика Коми,Княжпогостская,415,188,150,33,107,7,3,40,107,0,147,0,0,4,10,16,109,6,1,1,0
120,Республика Коми,Княжпогостская,416,570,500,0,301,20,179,20,301,6,315,0,0,3,33,30,244,1,1,3,0
121,Республика Коми,Княжпогостская,417,95,90,0,59,4,27,4,59,2,61,0,0,1,3,7,50,0,0,0,0
122,Республика Коми,Княжпогостская,418,910,800,0,499,16,285,16,499,15,500,0,0,2,74,95,308,8,3,5,5
123,Республика Коми,Княжпогостская,419,263,220,21,114,11,74,32,114,2,144,0,0,1,12,27,96,1,1,2,4
124,Республика Коми,Княжпогостская,420,1364,1200,0,782,53,365,53,782,7,828,0,0,5,136,111,547,13,4,6,6
125,Республика Коми,Княжпогостская,421,1347,1200,0,775,86,339,86,775,12,849,0,0,8,109,108,594,12,4,8,6
126,Республика Коми,Княжпогостская,422,1630,1400,0,974,59,367,59,974,13,1020,0,0,13,181,134,645,16,6,11,14
127,Республика Коми,Княжпогостская,423,2140,1800,0,1330,60,410,60,1330,23,1367,0,0,12,220,139,929,28,14,12,13
128,Республика Коми,Княжпогостская,424,645,550,0,403,12,135,12,403,11,404,0,0,2,58,61,263,12,2,3,3
129,Республика Коми,Княжпогостская,425,1107,950,0,498,10,442,10,498,15,493,0,0,2,54,88,328,5,5,9,2
130,Республика Коми,Княжпогостская,426,1359,1200,12,665,39,484,51,665,9,707,0,0,7,106,117,449,9,7,5,7
131,Республика Коми,Княжпогостская,427,508,400,15,246,51,88,66,246,8,304,0,0,2,51,27,219,4,0,0,1
132,Республика Коми,Княжпогостская,428,287,270,0,133,23,114,23,133,0,156,0,0,1,15,15,118,3,3,0,1
133,Республика Коми,Княжпогостская,674,46,50,0,41,0,9,0,41,2,39,0,0,0,1,8,30,0,0,0,0
134,Республика Коми,Койгородская,608,91,100,0,69,4,27,4,69,0,73,0,0,1,10,9,48,0,4,1,0
135,Республика Коми,Койгородская,609,765,770,0,520,29,221,29,520,7,542,0,0,3,39,68,415,6,3,2,6
136,Республика Коми,Койгородская,610,247,280,0,167,20,93,20,167,5,182,0,0,2,24,22,130,1,2,1,0
137,Республика Коми,Койгородская,611,306,300,0,223,22,55,22,223,2,243,0,0,3,20,26,191,2,0,1,0
138,Республика Коми,Койгородская,612,115,130,0,81,13,36,13,81,1,93,0,0,1,4,16,70,2,0,0,0
139,Республика Коми,Койгородская,613,195,210,0,147,9,54,9,147,3,153,0,0,0,11,28,113,1,0,0,0
140,Республика Коми,Койгородская,614,283,250,0,178,30,42,30,178,0,208,0,0,1,20,23,158,2,1,3,0
141,Республика Коми,Койгородская,615,154,160,0,91,7,62,7,91,1,97,0,0,1,9,16,64,2,4,0,1
142,Республика Коми,Койгородская,616,1379,1300,0,790,49,461,49,789,11,827,0,0,3,80,103,615,10,6,7,3
143,Республика Коми,Койгородская,617,1092,1100,0,635,64,401,64,635,20,679,0,0,4,45,98,503,15,4,4,6
144,Республика Коми,Койгородская,618,1056,1050,0,620,49,381,49,620,10,659,0,0,7,52,102,480,7,2,5,4
145,Республика Коми,Койгородская,619,270,250,0,181,13,56,13,180,2,191,0,0,0,7,19,159,4,0,2,0
146,Республика Коми,Койгородская,620,95,100,21,29,0,50,21,29,1,49,0,0,0,1,3,44,0,1,0,0
147,Республика Коми,Койгородская,621,887,900,39,705,68,88,107,705,3,809,0,0,4,48,58,677,8,10,1,3
148,Республика Коми,Корткеросская,535,439,450,30,198,11,211,41,198,3,236,0,0,2,14,35,178,4,2,1,0
149,Республика Коми,Корткеросская,536,1171,1200,59,487,46,608,105,487,12,580,0,0,6,59,83,415,6,8,2,1
150,Республика Коми,Корткеросская,537,182,180,0,62,9,109,9,62,1,70,0,0,0,7,4,58,0,0,0,1
151,Республика Коми,Корткеросская,538,280,300,52,101,6,141,58,101,0,159,0,0,2,9,18,130,0,0,0,0
152,Республика Коми,Корткеросская,539,619,600,0,307,19,274,19,307,13,313,0,0,3,25,23,253,3,4,1,1
153,Республика Коми,Корткеросская,540,859,850,0,511,7,332,7,510,13,504,0,0,5,103,45,324,15,3,5,4
154,Республика Коми,Корткеросская,541,1615,1600,0,954,16,630,16,954,21,949,0,0,8,152,76,675,21,8,5,4
155,Республика Коми,Корткеросская,542,1110,1100,0,723,16,361,16,723,10,729,0,0,6,120,58,505,19,9,8,4
156,Республика Коми,Корткеросская,543,379,350,0,252,2,96,2,252,6,248,0,0,1,44,29,163,4,1,5,1
157,Республика Коми,Корткеросская,544,182,180,0,105,9,66,9,105,1,113,0,0,0,8,8,92,3,1,1,0
158,Республика Коми,Корткеросская,545,523,500,0,300,17,183,17,300,0,317,0,0,2,26,42,240,4,1,2,0
159,Республика Коми,Корткеросская,546,317,300,0,172,12,116,12,172,1,183,0,0,1,21,9,147,1,3,1,0
160,Республика Коми,Корткеросская,547,618,600,0,397,19,184,19,397,8,408,0,0,5,48,35,310,5,0,0,5
161,Республика Коми,Корткеросская,548,339,350,0,186,9,155,9,186,11,184,0,0,1,19,10,150,3,1,0,0
162,Республика Коми,Корткеросская,549,532,550,0,266,21,263,21,266,6,281,0,0,1,29,28,217,5,1,0,0
163,Республика Коми,Корткеросская,550,216,200,0,119,10,71,10,119,3,126,0,0,1,11,14,99,0,0,0,1
164,Республика Коми,Корткеросская,551,441,450,0,265,20,165,20,265,8,277,0,0,1,29,22,221,3,0,1,0
165,Республика Коми,Корткеросская,552,1490,1500,0,737,71,692,71,737,15,793,0,0,7,55,71,633,9,5,7,6
166,Республика Коми,Корткеросская,553,449,450,0,252,24,174,24,252,4,272,0,0,2,23,26,216,4,0,1,0
167,Республика Коми,Корткеросская,554,547,550,17,298,25,210,42,298,3,337,0,0,0,37,41,253,2,1,2,1
168,Республика Коми,Корткеросская,555,438,450,69,152,16,213,85,152,2,235,0,0,3,12,34,181,3,0,1,1
169,Республика Коми,Корткеросская,556,245,200,0,111,9,80,9,111,3,117,0,0,0,3,16,95,1,0,1,1
170,Республика Коми,Корткеросская,557,643,650,0,333,39,278,39,333,4,368,0,0,4,33,45,272,8,4,1,1
171,Республика Коми,Корткеросская,558,958,1000,0,411,45,544,45,411,10,446,0,0,6,54,36,341,7,0,2,0
172,Республика Коми,Корткеросская,559,285,250,57,116,9,68,66,116,1,181,0,0,0,10,26,140,4,1,0,0
173,Республика Коми,Корткеросская,560,606,600,0,305,16,279,16,305,5,316,0,0,0,28,32,248,4,2,2,0
174,Республика Коми,Корткеросская,561,210,200,0,110,12,78,12,110,0,122,0,0,0,3,14,103,0,2,0,0
175,Республика Коми,Корткеросская,562,152,150,0,86,5,59,5,86,0,91,0,0,0,4,2,82,1,2,0,0
176,Республика Коми,Корткеросская,563,1209,1250,44,517,54,635,98,517,6,609,0,0,2,99,66,418,6,8,6,4
177,Республика Коми,Корткеросская,682,57,59,0,45,11,3,11,45,0,56,0,0,0,3,7,43,0,0,2,1
178,Республика Коми,Печорская городская,187,1465,1450,0,801,22,627,22,801,15,808,0,0,6,100,103,556,20,10,5,8
179,Республика Коми,Печорская городская,188,1778,1800,0,944,38,818,38,944,14,968,0,0,6,91,117,720,12,9,6,7
180,Республика Коми,Печорская городская,189,1742,1750,0,994,36,720,36,994,18,1012,0,0,6,88,112,771,11,6,7,11
181,Республика Коми,Печорская городская,190,1840,1800,0,1013,27,760,27,1013,17,1023,0,0,6,119,115,731,22,15,3,12
182,Республика Коми,Печорская городская,191,1703,1700,0,896,39,765,39,896,12,923,0,0,12,134,96,640,16,5,6,14
183,Республика Коми,Печорская городская,192,1537,1500,0,844,16,640,16,844,12,848,0,0,4,79,94,627,21,7,4,12
184,Республика Коми,Печорская городская,193,1393,1400,0,660,27,713,27,659,14,672,0,0,5,62,68,511,7,7,5,7
185,Республика Коми,Печорская городская,194,1590,1500,0,858,21,621,21,858,23,856,0,0,5,80,94,644,11,4,8,10
186,Республика Коми,Печорская городская,195,256,250,0,114,19,117,19,114,1,132,0,0,1,11,16,104,0,0,0,0
187,Республика Коми,Печорская городская,196,188,190,0,94,6,90,6,94,1,99,0,0,0,9,5,84,0,0,0,1
188,Республика Коми,Печорская городская,197,107,90,0,76,0,14,0,76,0,76,0,0,0,2,9,62,1,1,1,0
189,Республика Коми,Печорская городская,198,286,290,0,161,11,118,11,161,0,172,0,0,1,18,22,129,1,1,0,0
190,Республика Коми,Печорская городская,199,136,130,0,99,6,25,6,99,2,103,0,0,0,3,15,79,0,2,1,3
191,Республика Коми,Печорская городская,200,301,300,0,184,4,112,4,184,2,186,0,0,1,13,28,134,2,4,3,1
192,Республика Коми,Печорская городская,201,47,40,0,28,0,12,0,28,0,28,0,0,0,2,8,17,1,0,0,0
193,Республика Коми,Печорская городская,202,156,150,0,80,7,63,7,80,0,87,0,0,2,5,19,56,3,0,1,1
194,Республика Коми,Печорская городская,203,1433,1500,0,681,15,804,15,681,9,687,0,0,5,61,95,496,14,3,5,8
195,Республика Коми,Печорская городская,204,1934,1950,0,1128,26,796,26,1127,22,1131,0,0,7,141,111,838,16,6,6,6
196,Республика Коми,Печорская городская,205,1898,1900,0,1210,14,676,14,1210,16,1208,0,0,5,131,119,898,20,15,10,10
197,Республика Коми,Печорская городская,206,1978,2000,0,1150,27,823,27,1150,8,1169,0,0,7,127,112,865,25,6,18,9
198,Республика Коми,Печорская городская,207,1672,1750,0,950,54,746,54,950,11,993,0,0,18,123,84,723,11,11,11,12
199,Республика Коми,Печорская городская,208,1373,1400,0,795,34,571,34,795,14,815,0,0,6,84,72,609,21,11,6,6
200,Республика Коми,Печорская городская,209,1696,1700,0,963,32,705,32,963,20,975,0,0,12,92,84,742,12,8,11,14
201,Республика Коми,Печорская городская,210,1686,1600,0,1035,15,550,15,1035,18,1032,0,0,10,95,124,755,20,6,10,12
202,Республика Коми,Печорская городская,211,1799,1700,0,989,18,693,18,989,17,990,0,0,10,89,106,746,15,8,5,11
203,Республика Коми,Печорская городская,212,1763,1750,0,1010,29,711,29,1010,11,1028,0,0,9,103,143,723,24,12,7,7
204,Республика Коми,Печорская городская,213,1326,1300,0,742,11,547,11,742,13,740,0,0,4,86,96,512,15,9,12,6
205,Республика Коми,Печорская городская,214,452,450,0,284,16,150,16,284,2,298,0,0,0,23,32,231,4,4,2,2
206,Республика Коми,Печорская городская,215,1765,1750,0,1091,21,638,21,1091,7,1105,0,0,8,99,122,823,16,10,9,18
207,Республика Коми,Печорская городская,216,842,800,0,468,6,326,6,468,10,464,0,0,3,34,55,356,6,1,6,3
208,Республика Коми,Печорская городская,217,456,400,0,285,5,110,5,285,4,286,0,0,4,25,35,207,1,2,8,4
209,Республика Коми,Печорская городская,218,120,120,0,31,3,86,3,31,0,34,0,0,1,4,3,25,0,0,0,1
210,Республика Коми,Печорская городская,219,98,80,0,55,2,23,2,55,0,57,0,0,0,2,9,46,0,0,0,0
211,Республика Коми,Печорская городская,220,599,550,0,445,3,102,3,445,12,436,0,0,4,83,102,235,5,3,2,2
212,Республика Коми,Печорская городская,221,2421,2200,0,1136,115,949,115,1136,30,1221,0,0,8,153,143,870,8,15,12,12
213,Республика Коми,Печорская городская,222,996,1000,0,548,27,425,27,548,15,560,0,0,1,67,59,417,6,7,3,0
214,Республика Коми,Печорская городская,223,347,300,0,192,22,86,22,192,3,211,0,0,3,16,20,166,1,3,2,0
215,Республика Коми,Печорская городская,224,113,100,0,75,7,18,7,75,0,82,0,0,0,3,9,69,0,1,0,0
216,Республика Коми,Печорская городская,225,375,350,0,199,27,124,27,199,1,225,0,0,0,14,21,188,2,0,0,0
217,Республика Коми,Печорская городская,226,151,150,0,51,7,92,7,51,1,57,0,0,0,4,9,44,0,0,0,0
218,Республика Коми,Печорская городская,227,113,100,0,54,11,35,11,54,1,64,0,0,2,8,11,43,0,0,0,0
219,Республика Коми,Печорская городская,228,601,550,122,340,9,79,131,340,5,466,0,0,8,59,71,318,5,0,3,2
220,Республика Коми,Печорская городская,229,1361,1400,0,624,49,727,49,624,14,659,0,0,6,112,73,452,5,3,6,2
221,Республика Коми,Печорская городская,230,80,80,0,49,0,31,0,49,0,49,0,0,2,3,2,42,0,0,0,0
222,Республика Коми,Печорская городская,231,248,250,0,122,17,111,17,122,2,137,0,0,2,7,16,111,1,0,0,0
223,Республика Коми,Печорская городская,232,93,100,0,41,1,58,1,41,0,42,0,0,0,3,8,30,0,1,0,0
224,Республика Коми,Печорская городская,233,111,120,0,66,13,41,13,66,3,76,0,0,0,16,5,54,0,0,1,0
225,Республика Коми,Печорская городская,234,379,300,0,202,22,76,22,202,1,223,0,0,2,24,25,167,1,1,2,1
226,Республика Коми,Печорская городская,235,190,300,0,52,111,137,111,52,0,163,0,0,2,10,26,120,2,1,1,1
227,Республика Коми,Прилузская,623,164,150,0,132,6,12,6,132,0,138,0,0,1,4,6,124,0,2,0,1
228,Республика Коми,Прилузская,624,73,70,0,50,7,13,7,50,1,56,0,0,0,1,7,44,2,1,0,1
229,Республика Коми,Прилузская,625,379,350,4,279,39,28,43,279,3,319,0,0,1,19,28,261,7,1,1,1
230,Республика Коми,Прилузская,626,88,90,0,69,7,14,7,69,0,76,0,0,0,2,7,67,0,0,0,0
231,Республика Коми,Прилузская,627,88,80,0,49,17,14,17,49,0,66,0,0,0,0,15,51,0,0,0,0
232,Республика Коми,Прилузская,628,640,630,8,436,57,129,65,436,7,494,0,0,2,30,51,400,1,5,3,2
233,Республика Коми,Прилузская,629,144,120,0,89,13,18,13,89,0,102,0,0,0,11,14,73,0,3,1,0
234,Республика Коми,Прилузская,630,253,240,7,126,14,93,21,126,1,146,0,0,0,11,18,113,1,1,0,2
235,Республика Коми,Прилузская,631,325,270,0,225,20,25,20,225,1,244,0,0,0,17,21,200,4,2,0,0
236,Республика Коми,Прилузская,632,360,320,0,274,19,27,19,274,12,281,0,0,0,17,30,229,3,0,1,1
237,Республика Коми,Прилузская,633,317,280,0,221,21,38,21,221,7,235,0,0,0,11,31,182,3,3,5,0
238,Республика Коми,Прилузская,634,400,370,0,282,38,50,38,282,4,316,0,0,0,22,62,222,4,1,3,2
239,Республика Коми,Прилузская,635,967,900,0,602,71,227,71,602,5,668,0,0,4,53,87,496,10,11,2,5
240,Республика Коми,Прилузская,636,1421,1280,0,838,47,395,47,838,18,867,0,0,9,114,122,577,21,10,7,7
241,Республика Коми,Прилузская,637,1305,1230,0,966,30,234,30,966,19,977,0,0,5,81,102,752,16,6,7,8
242,Республика Коми,Прилузская,638,1607,1510,0,1200,30,280,30,1200,24,1206,0,0,11,88,139,895,33,12,14,14
243,Республика Коми,Прилузская,639,508,510,45,315,8,142,53,315,0,368,0,0,0,44,32,283,5,4,0,0
244,Республика Коми,Прилузская,641,269,250,0,177,27,46,27,177,0,204,0,0,5,13,23,161,2,0,0,0
245,Республика Коми,Прилузская,642,294,270,0,220,21,29,21,220,3,238,0,0,3,5,25,202,0,1,1,1
246,Республика Коми,Прилузская,644,243,230,0,170,21,39,21,170,3,188,0,0,0,4,15,166,2,0,0,1
247,Республика Коми,Прилузская,645,426,390,50,242,12,86,62,242,4,300,0,0,1,7,31,257,3,1,0,0
248,Республика Коми,Прилузская,646,740,730,33,449,32,216,65,449,7,507,0,0,4,22,62,402,8,2,4,3
249,Республика Коми,Прилузская,648,618,600,190,110,15,285,205,110,7,308,0,0,0,14,35,254,3,1,0,1
250,Республика Коми,Прилузская,652,108,100,0,55,4,41,4,55,1,58,0,0,0,3,8,46,0,0,0,1
251,Республика Коми,Прилузская,653,1429,1330,0,895,90,345,90,894,18,966,0,0,2,75,80,779,6,2,16,6
252,Республика Коми,Прилузская,654,861,820,0,516,90,214,90,516,17,589,0,0,4,55,63,448,3,7,5,4
253,Республика Коми,Прилузская,655,407,370,0,235,80,55,80,235,3,312,0,0,4,17,31,249,4,4,2,1
254,Республика Коми,Прилузская,656,371,360,0,277,26,57,26,277,4,299,0,0,1,15,23,253,3,1,1,2
255,Республика Коми,Прилузская,657,252,230,0,183,21,26,21,183,2,202,0,0,0,9,24,162,0,6,0,1
256,Республика Коми,Прилузская,658,262,230,0,161,13,56,13,161,3,171,0,0,0,7,30,130,1,3,0,0
257,Республика Коми,Прилузская,659,198,180,0,121,11,48,11,121,2,130,0,0,1,4,15,105,3,1,1,0
258,Республика Коми,Прилузская,660,85,80,0,62,6,12,6,62,0,68,0,0,1,0,9,57,0,0,0,1
259,Республика Коми,Прилузская,661,572,550,0,358,91,101,91,358,3,446,0,0,4,19,58,359,1,2,1,2
260,Республика Коми,Прилузская,662,228,220,0,153,7,60,7,153,3,157,0,0,0,5,14,133,3,0,2,0
261,Республика Коми,Прилузская,663,167,160,0,107,19,34,19,107,0,126,0,0,0,8,18,92,5,1,2,0
262,Республика Коми,Прилузская,664,174,170,0,137,10,23,10,137,2,145,0,0,1,0,18,123,2,1,0,0
263,Республика Коми,Сосногорская городская,321,841,850,7,473,32,338,39,473,6,506,0,0,7,42,63,381,9,1,2,1
264,Республика Коми,Сосногорская городская,322,141,110,36,54,6,14,42,54,0,96,0,0,0,1,7,87,1,0,0,0
265,Республика Коми,Сосногорская городская,323,1114,1000,0,634,22,344,22,634,12,644,0,0,5,80,75,450,16,13,2,3
266,Республика Коми,Сосногорская городская,324,1996,2000,0,1191,38,771,38,1190,25,1203,0,0,10,186,120,835,26,14,4,8
267,Республика Коми,Сосногорская городская,325,2079,2100,0,1314,28,758,28,1314,22,1320,0,0,10,177,151,895,34,19,14,20
268,Республика Коми,Сосногорская городская,326,1811,1850,0,1053,25,772,25,1053,16,1062,0,0,12,155,111,740,19,8,8,9
269,Республика Коми,Сосногорская городская,327,833,800,0,546,6,248,6,546,13,539,0,0,9,74,62,376,5,6,4,3
270,Республика Коми,Сосногорская городская,328,1595,1600,0,1052,18,530,18,1052,18,1052,0,0,6,155,102,735,28,7,10,9
271,Республика Коми,Сосногорская городская,329,2639,2600,0,1653,36,911,36,1653,33,1656,0,0,14,228,184,1144,41,20,14,11
272,Республика Коми,Сосногорская городская,330,2651,2700,0,1705,29,966,29,1705,25,1709,0,0,17,255,176,1178,34,22,14,13
273,Республика Коми,Сосногорская городская,331,792,800,0,422,8,370,8,422,7,423,0,0,4,61,53,286,4,8,2,5
274,Республика Коми,Сосногорская городская,332,1115,1100,0,594,13,493,13,594,9,598,0,0,8,83,70,410,16,8,1,2
275,Республика Коми,Сосногорская городская,333,2245,2250,0,1351,18,881,18,1351,26,1343,0,0,7,190,147,924,26,18,16,15
276,Республика Коми,Сосногорская городская,334,1638,1600,0,958,15,627,15,955,18,952,0,0,2,147,113,658,14,5,11,2
277,Республика Коми,Сосногорская городская,335,2600,2500,56,1393,90,961,146,1393,23,1516,0,0,15,181,148,1121,31,7,5,8
278,Республика Коми,Сосногорская городская,336,2378,2500,11,1051,29,1409,40,1051,25,1066,0,0,4,162,86,776,16,10,5,7
279,Республика Коми,Сосногорская городская,337,2660,2700,50,1411,33,1206,83,1411,19,1475,0,0,17,169,137,1095,24,12,12,9
280,Республика Коми,Сосногорская городская,338,2441,2500,6,1114,54,1326,60,1114,31,1143,0,0,11,132,146,828,11,8,2,5
281,Республика Коми,Сосногорская городская,339,618,600,0,340,50,210,50,340,8,382,0,0,4,30,40,304,2,0,0,2
282,Республика Коми,Сосногорская городская,340,530,550,0,311,8,231,8,311,6,313,0,0,1,42,50,213,2,1,3,1
283,Республика Коми,Сосногорская городская,341,269,250,0,176,11,63,11,176,4,183,0,0,3,23,34,117,2,2,0,2
284,Республика Коми,Сосногорская городская,342,458,450,0,248,23,179,23,248,2,269,0,0,1,23,22,213,2,0,2,6
285,Республика Коми,Сосногорская городская,343,366,350,0,303,13,34,13,303,5,311,0,0,0,9,25,274,3,0,0,0
286,Республика Коми,Сосногорская городская,344,570,450,116,187,35,112,151,187,7,331,0,0,2,35,60,226,3,1,1,3
287,Республика Коми,Сосногорская городская,345,659,600,22,296,33,249,55,296,2,349,0,0,1,29,59,248,2,4,5,1
288,Республика Коми,Сосногорская городская,346,73,73,0,73,0,0,0,73,1,72,0,0,0,2,10,60,0,0,0,0
289,Республика Коми,Сосногорская городская,347,283,285,0,283,0,2,0,283,5,278,0,0,0,11,71,166,23,1,5,1
290,Республика Коми,Сыктывдинская,564,876,964,109,316,58,481,167,316,3,480,0,0,6,66,39,360,5,2,2,0
291,Республика Коми,Сыктывдинская,565,257,261,0,136,19,106,19,136,0,155,0,0,1,8,21,122,3,0,0,0
292,Республика Коми,Сыктывдинская,566,531,541,0,292,21,228,21,292,4,309,0,0,3,35,45,215,3,3,5,0
293,Республика Коми,Сыктывдинская,567,712,744,0,353,61,330,61,353,4,410,0,0,5,24,39,333,3,1,1,4
294,Республика Коми,Сыктывдинская,568,1083,1135,0,624,70,441,70,624,7,687,0,0,6,48,62,550,13,3,4,1
295,Республика Коми,Сыктывдинская,569,361,337,0,253,13,71,13,253,2,264,0,0,6,23,37,188,7,1,1,1
296,Республика Коми,Сыктывдинская,570,467,511,0,265,79,167,79,265,4,340,0,0,2,23,33,271,6,2,1,2
297,Республика Коми,Сыктывдинская,571,486,500,0,309,37,154,37,309,3,343,0,0,1,28,44,256,4,3,4,3
298,Республика Коми,Сыктывдинская,572,1511,1407,0,988,20,399,20,988,14,994,0,0,7,111,79,749,23,9,8,8
299,Республика Коми,Сыктывдинская,573,2553,2468,0,1521,44,903,44,1521,20,1545,0,0,17,176,142,1124,47,8,19,12
300,Республика Коми,Сыктывдинская,574,1998,1982,0,1212,27,743,27,1212,19,1220,0,0,12,154,116,861,27,10,26,14
301,Республика Коми,Сыктывдинская,575,2659,2620,0,1531,56,1032,56,1530,30,1556,1,0,10,183,167,1101,47,15,16,17
302,Республика Коми,Сыктывдинская,576,2598,2644,0,1567,31,1046,31,1566,31,1566,0,0,10,130,154,1215,21,15,11,10
303,Республика Коми,Сыктывдинская,577,269,269,0,119,4,146,4,119,1,122,0,0,2,17,16,82,2,1,0,2
304,Республика Коми,Сыктывдинская,578,129,142,0,59,7,76,7,59,0,66,0,0,2,8,11,43,2,0,0,0
305,Республика Коми,Сыктывдинская,579,592,606,0,322,32,252,32,322,3,351,0,0,1,25,33,282,5,3,1,1
306,Республика Коми,Сыктывдинская,580,126,133,0,83,4,46,4,83,4,83,0,0,1,8,2,71,1,0,0,0
307,Республика Коми,Сыктывдинская,581,276,288,0,114,54,120,54,114,2,166,0,0,2,19,11,130,3,0,1,0
308,Республика Коми,Сыктывдинская,582,643,672,5,394,56,217,61,394,3,452,0,0,2,32,58,352,0,5,2,1
309,Республика Коми,Сыктывдинская,583,573,614,94,194,15,311,109,194,2,301,0,0,5,19,29,239,5,2,1,1
310,Республика Коми,Сыктывдинская,584,357,388,38,180,3,167,41,180,1,220,0,0,4,11,32,168,0,4,1,0
311,Республика Коми,Сыктывдинская,585,191,190,30,70,13,77,43,70,0,113,0,0,2,5,13,92,1,0,0,0
312,Республика Коми,Сыктывдинская,683,20,34,0,19,0,15,0,19,0,19,0,0,0,2,0,14,0,0,2,1
313,Республика Коми,Сыктывкарская городская,1,1671,1500,0,985,33,482,33,975,3,1005,0,0,10,109,89,747,19,7,13,11
314,Республика Коми,Сыктывкарская городская,2,1615,1500,0,948,17,535,17,948,15,950,0,0,7,120,98,685,16,8,8,8
315,Республика Коми,Сыктывкарская городская,3,485,400,0,284,11,105,11,284,4,291,0,0,1,24,39,219,5,0,2,1
316,Республика Коми,Сыктывкарская городская,4,1464,1400,0,714,29,657,29,714,6,737,0,0,6,52,89,560,12,3,8,7
317,Республика Коми,Сыктывкарская городская,5,308,300,0,151,10,139,10,151,0,161,0,0,1,20,34,100,2,1,2,1
318,Республика Коми,Сыктывкарская городская,6,1703,1700,0,1001,13,686,13,1000,14,999,0,0,11,130,98,710,23,12,8,7
319,Республика Коми,Сыктывкарская городская,7,1714,1500,0,1045,19,436,19,1045,17,1047,0,0,11,121,94,766,19,8,18,10
320,Республика Коми,Сыктывкарская городская,8,1574,1400,0,839,39,522,39,838,19,858,0,0,8,82,88,637,20,5,11,7
321,Республика Коми,Сыктывкарская городская,9,1531,1300,0,850,85,365,85,849,18,916,0,0,9,117,88,668,14,6,11,3
322,Республика Коми,Сыктывкарская городская,10,2857,2700,0,1362,25,1313,25,1360,16,1369,0,0,15,166,136,966,35,9,20,22
323,Республика Коми,Сыктывкарская городская,11,1378,1200,0,745,20,435,20,745,14,751,0,0,5,83,94,528,20,8,5,8
324,Республика Коми,Сыктывкарская городская,12,1524,1300,0,841,14,445,14,841,20,835,0,0,7,88,99,594,19,8,14,6
325,Республика Коми,Сыктывкарская городская,13,1606,1500,0,792,11,697,11,792,21,782,0,0,7,71,87,567,18,7,11,14
326,Республика Коми,Сыктывкарская городская,14,1975,1800,0,1171,65,564,65,1171,15,1221,0,0,14,142,156,843,35,7,15,9
327,Республика Коми,Сыктывкарская городская,15,1989,1800,0,878,34,888,34,878,17,895,0,0,6,103,105,631,32,3,8,7
328,Республика Коми,Сыктывкарская городская,16,1687,1600,0,974,34,592,34,974,16,992,0,0,15,140,80,692,26,5,13,21
329,Республика Коми,Сыктывкарская городская,17,667,600,0,265,12,323,12,265,3,274,0,0,1,23,33,206,4,3,1,3
330,Республика Коми,Сыктывкарская городская,18,2513,2400,0,1554,30,816,30,1553,39,1544,0,0,14,202,107,1109,35,14,28,35
331,Республика Коми,Сыктывкарская городская,19,1133,900,0,703,13,184,13,703,16,700,0,0,10,78,60,494,23,5,11,19
332,Республика Коми,Сыктывкарская городская,20,1744,1500,0,1115,20,365,20,1114,23,1111,0,0,17,151,106,727,46,11,28,25
333,Республика Коми,Сыктывкарская городская,21,2195,2000,0,1382,23,595,23,1381,42,1362,0,0,12,179,100,960,50,10,17,34
334,Республика Коми,Сыктывкарская городская,22,2078,1800,0,1276,21,503,21,1276,23,1274,0,0,13,163,130,902,29,10,11,16
335,Республика Коми,Сыктывкарская городская,23,1909,1800,0,1008,29,763,29,1008,12,1025,0,0,8,140,97,708,36,6,14,16
336,Республика Коми,Сыктывкарская городская,24,1125,900,0,665,1,234,1,662,13,650,0,0,3,109,70,405,32,6,15,10
337,Республика Коми,Сыктывкарская городская,25,2413,2100,0,1369,78,653,78,1369,29,1418,0,0,16,169,141,984,50,13,21,24
338,Республика Коми,Сыктывкарская городская,26,2456,2300,0,1508,20,772,20,1498,28,1490,0,0,16,180,129,1071,41,13,17,23
339,Республика Коми,Сыктывкарская городская,27,2658,2400,0,1585,15,800,15,1584,16,1583,0,0,15,201,135,1132,46,13,17,24
340,Республика Коми,Сыктывкарская городская,28,2386,2200,0,1556,22,622,22,1552,24,1550,0,0,18,192,154,1062,61,16,20,27
341,Республика Коми,Сыктывкарская городская,29,2050,1900,0,1266,24,610,24,1266,19,1271,0,0,15,165,104,906,35,8,23,15
342,Республика Коми,Сыктывкарская городская,30,2120,1900,0,1242,17,641,17,1242,12,1247,0,0,6,133,125,903,38,15,13,14
343,Республика Коми,Сыктывкарская городская,31,2205,2000,0,1351,8,641,8,1349,16,1341,0,0,14,181,100,938,55,13,18,22
344,Республика Коми,Сыктывкарская городская,32,1984,1700,0,1175,23,502,23,1170,29,1164,0,0,12,145,101,811,47,13,23,12
345,Республика Коми,Сыктывкарская городская,33,2134,2000,0,1289,30,681,30,1280,17,1293,0,0,17,159,126,888,57,10,15,21
346,Республика Коми,Сыктывкарская городская,34,1842,1600,0,1145,27,428,27,1145,18,1154,0,0,14,146,91,798,49,9,23,24
347,Республика Коми,Сыктывкарская городская,35,1943,1700,0,1240,33,427,33,1240,22,1251,0,0,13,170,121,863,37,9,18,20
348,Республика Коми,Сыктывкарская городская,36,1571,1400,0,1009,24,367,24,1008,10,1022,0,0,17,134,72,711,43,13,11,21
349,Республика Коми,Сыктывкарская городская,37,2043,1600,0,1379,17,204,17,1379,27,1369,0,0,14,199,157,913,53,7,11,15
350,Республика Коми,Сыктывкарская городская,38,1726,1500,0,1083,17,400,17,1083,12,1088,0,0,11,145,97,774,25,10,16,10
351,Республика Коми,Сыктывкарская городская,39,1850,1700,0,1046,12,642,12,1046,21,1037,0,0,10,138,115,715,21,11,9,18
352,Республика Коми,Сыктывкарская городская,40,1445,1200,0,889,9,302,9,888,15,882,0,0,4,104,87,617,30,10,11,19
353,Республика Коми,Сыктывкарская городская,41,1523,1400,0,826,26,548,26,824,6,844,0,0,13,109,98,575,30,5,4,10
354,Республика Коми,Сыктывкарская городская,42,1784,1600,0,905,16,679,16,905,20,901,0,0,7,97,93,643,31,7,9,14
355,Республика Коми,Сыктывкарская городская,43,1260,1000,0,654,4,342,4,654,13,645,0,0,6,53,75,473,19,6,7,6
356,Республика Коми,Сыктывкарская городская,44,743,600,0,453,25,122,25,453,7,471,0,0,5,60,30,342,14,3,4,13
357,Республика Коми,Сыктывкарская городская,45,1079,900,0,722,9,169,9,722,7,724,0,0,4,118,58,473,36,2,16,17
358,Республика Коми,Сыктывкарская городская,46,1369,1200,0,838,14,348,14,838,56,796,0,0,8,104,67,549,31,5,12,20
359,Республика Коми,Сыктывкарская городская,47,1326,1100,0,802,18,280,18,802,12,808,0,0,6,85,63,600,25,3,9,17
360,Республика Коми,Сыктывкарская городская,48,2468,2400,0,1634,46,720,46,1631,21,1656,0,0,17,204,181,1136,49,15,21,33
361,Республика Коми,Сыктывкарская городская,49,1217,1000,0,903,9,88,9,903,19,893,0,0,10,134,84,591,42,7,11,14
362,Республика Коми,Сыктывкарская городская,50,1678,1500,0,1040,40,420,40,1038,16,1062,0,0,18,130,84,733,40,5,18,34
363,Республика Коми,Сыктывкарская городская,51,1508,1400,0,939,31,430,31,938,22,947,0,0,7,115,96,666,24,6,17,16
364,Республика Коми,Сыктывкарская городская,52,1397,1200,0,765,15,420,15,765,14,766,0,0,8,88,71,549,25,1,10,14
365,Республика Коми,Сыктывкарская городская,53,1616,1500,0,819,29,652,29,819,19,829,0,0,10,102,90,575,22,12,9,9
366,Республика Коми,Сыктывкарская городская,54,1819,1600,0,1209,21,370,21,1209,24,1206,0,0,12,156,103,856,26,17,11,25
367,Республика Коми,Сыктывкарская городская,55,1947,1800,0,1239,21,540,21,1239,24,1236,0,0,15,143,84,909,35,5,19,26
368,Республика Коми,Сыктывкарская городская,56,1830,1600,0,1143,26,431,26,1142,21,1147,0,0,7,159,124,779,37,7,19,15
369,Республика Коми,Сыктывкарская городская,57,2495,2300,0,1467,23,810,23,1466,30,1459,0,0,18,223,123,967,64,11,25,28
370,Республика Коми,Сыктывкарская городская,58,1866,1700,0,1177,28,495,28,1177,20,1185,0,0,8,178,81,799,51,7,21,40
371,Республика Коми,Сыктывкарская городская,59,1571,1400,0,937,27,436,27,937,30,934,0,0,11,157,54,630,30,3,19,30
372,Республика Коми,Сыктывкарская городская,60,1890,1600,0,1196,28,376,28,1193,25,1196,0,0,18,169,95,807,41,14,22,30
373,Республика Коми,Сыктывкарская городская,61,2339,2500,0,1654,27,819,27,1654,22,1659,0,0,14,303,103,1083,70,12,30,44
374,Республика Коми,Сыктывкарская городская,62,2237,2100,0,1458,23,619,23,1456,29,1450,0,0,18,237,81,979,53,8,32,42
375,Республика Коми,Сыктывкарская городская,63,1971,1800,0,1152,15,633,15,1151,16,1150,0,0,18,139,108,773,60,12,24,16
376,Республика Коми,Сыктывкарская городская,64,1854,1700,0,1014,10,676,10,1014,23,1001,0,0,10,162,89,642,46,9,18,25
377,Республика Коми,Сыктывкарская городская,65,2394,2200,0,1454,26,720,26,1453,27,1452,0,0,9,194,146,973,58,15,26,31
378,Республика Коми,Сыктывкарская городская,66,2334,2100,0,1396,17,687,17,1396,22,1391,0,0,14,182,103,972,50,14,26,30
379,Республика Коми,Сыктывкарская городская,67,1636,1500,0,1001,7,492,7,1000,12,995,0,0,6,123,84,689,44,10,15,24
380,Республика Коми,Сыктывкарская городская,68,958,800,0,554,10,236,10,553,8,555,0,0,2,71,59,385,14,5,12,7
381,Республика Коми,Сыктывкарская городская,69,1392,1300,0,825,22,453,22,825,9,838,0,0,10,117,66,590,23,11,14,7
382,Республика Коми,Сыктывкарская городская,70,1263,1100,0,697,14,389,14,697,4,707,0,0,7,101,55,496,19,6,10,13
383,Республика Коми,Сыктывкарская городская,71,2328,2100,0,1481,32,587,32,1476,29,1479,0,0,17,184,108,1065,44,11,23,27
384,Республика Коми,Сыктывкарская городская,72,2493,2300,0,1579,29,692,29,1578,25,1582,0,0,23,214,115,1124,43,10,27,26
385,Республика Коми,Сыктывкарская городская,73,1793,1600,0,1182,11,407,11,1181,16,1176,0,0,8,140,85,842,38,12,27,24
386,Республика Коми,Сыктывкарская городская,74,2520,2300,0,1515,13,772,13,1515,15,1513,0,0,15,220,115,1069,39,8,26,21
387,Республика Коми,Сыктывкарская городская,75,1579,1400,0,1044,11,345,11,1044,14,1041,0,0,10,131,92,709,43,17,14,25
388,Республика Коми,Сыктывкарская городская,76,2098,1900,0,1357,17,526,17,1357,13,1361,0,0,14,145,107,1007,32,15,20,21
389,Республика Коми,Сыктывкарская городская,77,2357,2200,0,1488,16,696,16,1486,17,1485,0,0,15,223,108,1028,50,5,24,32
390,Республика Коми,Сыктывкарская городская,78,3034,2700,0,1817,188,695,188,1816,33,1971,0,0,19,276,140,1405,63,7,31,30
391,Республика Коми,Сыктывкарская городская,79,3121,2900,0,1628,25,1247,25,1628,22,1631,0,0,16,211,167,1142,41,10,21,23
392,Республика Коми,Сыктывкарская городская,80,1568,1100,0,698,339,63,339,698,25,1012,0,0,8,77,138,702,61,5,18,3
393,Республика Коми,Сыктывкарская городская,81,1808,1700,0,1043,9,648,9,1043,16,1036,0,0,14,98,118,764,19,11,5,7
394,Республика Коми,Сыктывкарская городская,82,1545,1400,0,779,75,546,75,778,10,843,0,0,5,97,80,628,14,4,2,13
395,Республика Коми,Сыктывкарская городская,83,172,200,0,103,64,33,64,103,1,166,0,0,1,9,16,136,3,1,0,0
396,Республика Коми,Сыктывкарская городская,84,517,500,0,265,198,37,198,265,6,457,0,0,2,31,44,365,8,3,4,0
397,Республика Коми,Сыктывкарская городская,85,486,500,0,244,242,14,242,244,5,481,0,0,2,46,46,367,11,3,4,2
398,Республика Коми,Сысольская,586,403,374,0,245,35,94,35,245,3,277,0,0,1,14,14,244,1,1,1,1
399,Республика Коми,Сысольская,587,179,165,0,96,4,65,4,96,0,100,0,0,1,9,11,77,0,2,0,0
400,Республика Коми,Сысольская,588,552,512,0,351,17,144,17,351,3,365,0,0,2,23,26,304,6,2,0,2
401,Республика Коми,Сысольская,589,179,178,0,101,10,67,10,101,1,110,0,0,0,23,18,67,0,0,0,2
402,Республика Коми,Сысольская,590,830,791,0,473,28,290,28,473,14,487,0,0,5,68,56,341,6,3,3,5
403,Республика Коми,Сысольская,591,398,356,3,199,71,83,74,199,5,268,0,0,3,29,42,188,3,1,2,0
404,Республика Коми,Сысольская,592,1946,1803,0,1273,88,442,88,1273,22,1339,0,0,12,121,158,1001,20,11,8,8
405,Республика Коми,Сысольская,593,901,815,0,543,45,227,45,543,4,584,0,0,6,64,79,404,13,8,6,4
406,Республика Коми,Сысольская,594,749,679,0,449,20,210,20,449,10,459,0,0,1,62,47,315,17,7,3,7
407,Республика Коми,Сысольская,595,323,302,0,187,13,102,13,187,5,195,0,0,6,27,26,133,2,1,0,0
408,Республика Коми,Сысольская,596,1853,1739,22,1046,42,629,64,1046,3,1107,0,0,10,103,158,787,20,9,16,4
409,Республика Коми,Сысольская,597,515,485,15,278,42,150,57,278,1,334,0,0,0,23,45,251,5,8,1,1
410,Республика Коми,Сысольская,598,259,253,3,129,25,96,28,129,3,154,0,0,0,10,16,125,0,0,1,2
411,Республика Коми,Сысольская,599,384,366,0,210,15,141,15,210,1,224,0,0,1,11,27,179,3,1,1,1
412,Республика Коми,Сысольская,600,219,202,0,130,9,63,9,130,1,138,0,0,0,6,11,119,1,0,0,1
413,Республика Коми,Сысольская,601,275,266,0,159,13,94,13,159,0,172,0,0,2,2,19,143,3,2,1,0
414,Республика Коми,Сысольская,602,258,237,0,148,10,79,10,148,0,158,0,0,0,8,22,120,5,2,1,0
415,Республика Коми,Сысольская,603,429,448,0,267,35,146,35,267,1,301,0,0,4,37,30,223,3,2,2,0
416,Республика Коми,Сысольская,604,141,136,0,70,3,63,3,70,0,73,0,0,1,4,9,58,0,1,0,0
417,Республика Коми,Сысольская,605,268,289,0,192,16,81,16,192,1,207,0,0,2,7,23,170,2,1,1,1
418,Республика Коми,Сысольская,606,134,131,0,103,6,22,6,103,2,107,0,0,0,8,16,80,2,1,0,0
419,Республика Коми,Сысольская,607,145,136,0,99,10,27,10,99,7,102,0,0,0,0,10,85,3,3,1,0
420,Республика Коми,Троицко-Печорская,477,103,100,26,46,0,28,26,46,0,72,0,0,0,6,11,54,0,1,0,0
421,Республика Коми,Троицко-Печорская,478,764,750,0,435,43,272,43,435,8,470,0,0,5,67,40,340,6,7,1,4
422,Республика Коми,Троицко-Печорская,479,683,710,20,301,15,374,35,301,2,334,0,0,3,43,37,235,7,6,2,1
423,Республика Коми,Троицко-Печорская,480,237,200,0,103,18,79,18,103,2,119,0,0,3,17,10,82,3,2,2,0
424,Республика Коми,Троицко-Печорская,481,151,150,0,80,7,63,7,80,0,87,0,0,0,5,13,63,2,2,2,0
425,Республика Коми,Троицко-Печорская,482,375,350,0,199,16,135,16,199,2,213,0,0,1,31,22,147,2,8,1,1
426,Республика Коми,Троицко-Печорская,483,153,150,0,72,6,72,6,72,0,78,0,0,1,1,4,71,0,0,1,0
427,Республика Коми,Троицко-Печорская,484,337,331,2,172,25,132,27,172,1,198,0,0,0,6,18,161,5,4,4,0
428,Республика Коми,Троицко-Печорская,485,172,150,0,92,10,48,10,92,0,102,0,0,0,3,19,78,2,0,0,0
429,Республика Коми,Троицко-Печорская,486,518,500,7,263,12,218,19,263,4,278,0,0,3,24,39,200,4,5,2,1
430,Республика Коми,Троицко-Печорская,487,272,250,0,124,41,85,41,124,2,163,0,0,2,20,21,111,3,1,2,3
431,Республика Коми,Троицко-Печорская,488,469,490,0,199,17,274,17,199,4,212,0,0,2,20,33,148,3,3,1,2
432,Республика Коми,Троицко-Печорская,489,1849,1700,0,893,72,735,72,892,17,947,0,0,8,119,140,650,13,6,7,4
433,Республика Коми,Троицко-Печорская,490,887,850,0,442,47,361,47,442,6,483,0,0,1,53,59,357,4,3,3,3
434,Республика Коми,Троицко-Печорская,491,190,170,0,123,21,26,21,123,1,143,0,0,0,12,22,104,2,3,0,0
435,Республика Коми,Троицко-Печорская,492,758,750,0,449,24,277,24,449,7,466,0,0,1,52,47,348,10,2,3,3
436,Республика Коми,Троицко-Печорская,493,1514,1500,0,989,44,467,44,988,10,1022,0,0,11,149,85,741,17,7,5,7
437,Республика Коми,Троицко-Печорская,494,599,550,0,269,47,234,47,269,7,309,0,0,3,18,33,248,4,1,0,2
438,Республика Коми,Троицко-Печорская,495,81,80,0,33,6,41,6,33,1,38,0,0,1,4,4,29,0,0,0,0
439,Республика Коми,Троицко-Печорская,496,239,250,10,112,18,110,28,112,1,139,0,0,1,8,17,108,1,2,1,1
440,Республика Коми,Троицко-Печорская,497,249,240,0,83,3,154,3,83,0,86,0,0,0,3,11,70,0,0,0,2
441,Республика Коми,Троицко-Печорская,498,66,65,0,30,0,35,0,30,0,30,0,0,0,4,8,17,1,0,0,0
442,Республика Коми,Троицко-Печорская,499,365,350,21,146,15,168,36,146,6,176,0,0,1,20,26,122,4,2,1,0
443,Республика Коми,Троицко-Печорская,680,43,70,0,41,0,29,0,41,0,41,0,0,0,4,4,30,1,2,0,0
444,Республика Коми,Удорская,429,405,380,30,174,20,156,50,174,1,223,0,0,0,31,20,167,1,2,1,1
445,Республика Коми,Удорская,430,259,240,0,115,7,118,7,115,1,121,0,0,1,5,11,102,1,1,0,0
446,Республика Коми,Удорская,431,2000,1750,19,1080,71,580,90,1080,18,1152,0,0,6,162,133,807,18,7,9,10
447,Республика Коми,Удорская,433,180,170,0,95,11,64,11,95,1,105,0,0,0,2,11,92,0,0,0,0
448,Республика Коми,Удорская,434,281,250,24,121,12,93,36,121,0,157,0,0,0,17,15,120,3,1,1,0
449,Республика Коми,Удорская,435,448,390,58,192,11,129,69,192,0,261,0,0,4,22,47,178,4,4,2,0
450,Республика Коми,Удорская,436,283,260,0,166,16,78,16,166,4,178,0,0,1,13,24,135,2,2,1,0
451,Республика Коми,Удорская,437,253,240,2,114,16,108,18,114,1,131,0,0,1,9,15,102,1,1,0,2
452,Республика Коми,Удорская,438,89,80,0,47,13,20,13,47,0,60,0,0,0,8,8,44,0,0,0,0
453,Республика Коми,Удорская,439,381,360,0,227,16,117,16,227,1,242,0,0,3,32,36,165,2,3,1,0
454,Республика Коми,Удорская,440,181,160,14,88,15,43,29,88,1,116,0,0,1,3,16,94,1,0,1,0
455,Республика Коми,Удорская,441,264,250,72,98,11,69,83,98,0,181,0,0,1,7,40,131,0,0,0,2
456,Республика Коми,Удорская,442,1940,1700,0,1125,101,474,101,1125,12,1214,0,0,10,205,132,828,14,12,6,7
457,Республика Коми,Удорская,443,1640,1500,0,916,46,538,46,916,5,957,0,0,9,143,89,694,6,6,5,5
458,Республика Коми,Удорская,444,200,170,0,137,2,31,2,137,0,139,0,0,1,9,12,113,2,1,0,1
459,Республика Коми,Удорская,445,104,100,0,59,7,34,7,59,1,65,0,0,1,5,9,48,0,1,1,0
460,Республика Коми,Удорская,446,1949,1750,0,974,62,714,62,974,9,1027,0,0,5,86,108,806,11,4,5,2
461,Республика Коми,Удорская,447,191,150,0,112,8,30,8,112,2,118,0,0,2,11,14,91,0,0,0,0
462,Республика Коми,Удорская,448,1084,970,16,589,24,341,40,589,17,612,0,0,3,66,91,435,12,3,1,1
463,Республика Коми,Удорская,449,496,500,0,208,18,274,18,208,3,223,0,0,0,35,30,154,2,1,1,0
464,Республика Коми,Удорская,451,389,350,2,233,6,109,8,233,0,241,0,0,3,29,11,195,2,0,1,0
465,Республика Коми,Удорская,677,56,50,0,47,0,3,0,47,1,46,0,0,0,6,2,37,0,1,0,0
466,Республика Коми,Усинская городская,247,1560,1550,0,807,22,721,22,807,21,808,0,0,2,97,73,607,11,4,5,9
467,Республика Коми,Усинская городская,248,1384,1300,610,434,6,250,616,434,20,1030,0,0,6,126,127,737,12,9,5,8
468,Республика Коми,Усинская городская,249,1612,1650,0,1031,3,616,3,1030,11,1022,0,0,8,121,89,765,14,9,8,8
469,Республика Коми,Усинская городская,250,1303,1500,0,891,10,599,10,890,9,891,0,0,1,104,59,709,6,4,3,5
470,Республика Коми,Усинская городская,251,1720,1650,0,876,10,764,10,876,17,869,0,0,3,118,83,632,12,11,7,3
471,Республика Коми,Усинская городская,252,1638,1600,0,863,2,735,2,862,13,851,0,0,6,80,85,645,16,6,6,7
472,Республика Коми,Усинская городская,253,1659,1700,0,979,11,710,11,979,14,976,0,0,4,114,101,729,5,11,4,8
473,Республика Коми,Усинская городская,254,1337,1350,0,810,5,535,5,810,5,810,0,0,5,104,60,611,11,8,4,7
474,Республика Коми,Усинская городская,255,1394,1400,0,910,7,483,7,910,6,911,0,0,4,95,65,710,14,4,9,10
475,Республика Коми,Усинская городская,256,1247,1200,0,696,8,496,8,696,8,696,0,0,0,64,51,557,8,9,5,2
476,Республика Коми,Усинская городская,257,1295,1300,0,765,9,526,9,763,17,755,0,0,2,87,61,580,11,4,4,6
477,Республика Коми,Усинская городская,258,1346,1300,0,734,9,557,9,734,11,732,0,0,3,83,63,559,11,5,2,6
478,Республика Коми,Усинская городская,259,1595,1600,0,963,9,628,9,962,5,966,0,0,10,100,81,740,9,4,11,11
479,Республика Коми,Усинская городская,260,1614,1550,0,915,10,625,10,915,12,913,0,0,2,83,85,707,9,8,9,10
480,Республика Коми,Усинская городская,261,1789,1650,0,907,5,738,5,907,16,896,0,0,5,112,91,663,9,4,7,5
481,Республика Коми,Усинская городская,262,1634,1550,0,955,8,587,8,955,14,949,0,0,3,86,76,750,11,4,9,10
482,Республика Коми,Усинская городская,263,1611,1450,0,1045,1,404,1,1045,10,1036,0,0,5,135,94,765,21,6,7,3
483,Республика Коми,Усинская городская,264,1656,1550,0,1003,7,540,7,1000,13,994,0,0,7,112,89,750,14,4,11,7
484,Республика Коми,Усинская городская,265,2142,1800,0,1373,6,421,6,1370,16,1360,0,0,4,149,81,1054,33,9,11,19
485,Республика Коми,Усинская городская,266,1010,1000,846,139,0,15,846,139,15,970,0,0,6,133,125,676,12,7,5,6
486,Республика Коми,Усинская городская,267,339,300,16,216,6,62,22,216,6,232,0,0,0,18,33,174,5,1,1,0
487,Республика Коми,Усинская городская,268,812,800,0,418,36,346,36,418,12,442,0,0,5,75,67,278,4,5,4,4
488,Республика Коми,Усинская городская,269,344,300,0,184,13,103,13,184,4,193,0,0,2,36,26,119,4,4,1,1
489,Республика Коми,Усинская городская,270,233,250,0,171,10,69,10,171,2,179,0,0,0,14,38,122,3,2,0,0
490,Республика Коми,Усинская городская,271,89,90,0,79,4,7,4,79,0,83,0,0,1,4,5,72,0,0,0,1
491,Республика Коми,Усинская городская,272,416,400,21,268,17,94,38,268,3,303,0,0,8,49,43,189,6,2,5,1
492,Республика Коми,Усинская городская,273,314,300,28,209,7,56,35,209,0,244,0,0,1,14,27,198,3,1,0,0
493,Республика Коми,Усинская городская,274,784,700,41,516,31,112,72,516,10,578,0,0,4,71,70,414,10,6,3,0
494,Республика Коми,Усинская городская,275,316,300,0,215,9,76,9,215,2,222,0,0,4,12,17,187,2,0,0,0
495,Республика Коми,Усинская городская,669,75,75,0,40,35,0,35,40,0,75,0,0,2,7,7,55,4,0,0,0
496,Республика Коми,Усинская городская,670,53,53,0,53,0,0,0,53,0,53,0,0,0,3,3,46,0,1,0,0
497,Республика Коми,Усть-Вымская,452,618,650,0,444,93,113,93,444,3,534,0,0,4,26,73,427,0,0,1,3
498,Республика Коми,Усть-Вымская,453,375,400,0,318,30,52,30,318,8,340,0,0,1,31,40,260,3,3,0,2
499,Республика Коми,Усть-Вымская,454,141,140,0,66,30,44,30,66,0,96,0,0,0,5,17,68,2,4,0,0
500,Республика Коми,Усть-Вымская,455,516,550,0,381,64,105,64,381,4,441,0,0,0,37,47,348,3,3,2,1
501,Республика Коми,Усть-Вымская,456,1424,1450,0,793,65,592,65,793,12,846,0,0,9,98,125,590,8,8,7,1
502,Республика Коми,Усть-Вымская,457,1884,1850,0,1223,38,589,38,1223,10,1251,0,0,15,195,167,838,12,11,5,8
503,Республика Коми,Усть-Вымская,458,1973,1950,0,1310,37,603,37,1310,12,1335,0,0,13,204,152,913,21,9,18,5
504,Республика Коми,Усть-Вымская,459,1601,1600,0,1016,50,534,50,1016,9,1057,0,0,17,151,136,722,13,6,6,6
505,Республика Коми,Усть-Вымская,460,433,450,0,295,49,106,49,295,5,339,0,0,4,53,35,238,5,1,1,2
506,Республика Коми,Усть-Вымская,461,107,110,0,80,3,27,3,80,3,80,0,0,0,5,9,66,0,0,0,0
507,Республика Коми,Усть-Вымская,462,422,420,0,245,18,157,18,245,0,263,0,0,3,25,33,194,6,1,1,0
508,Республика Коми,Усть-Вымская,463,134,150,0,76,30,44,30,76,4,102,0,0,1,14,20,64,1,1,0,1
509,Республика Коми,Усть-Вымская,464,2729,2650,0,1979,243,428,243,1979,3,2219,0,0,14,370,215,1525,48,13,11,23
510,Республика Коми,Усть-Вымская,465,221,220,0,160,17,43,17,160,2,175,0,0,1,16,17,136,3,2,0,0
511,Республика Коми,Усть-Вымская,466,623,620,0,380,40,200,40,380,12,408,0,0,4,54,52,274,14,4,4,2
512,Республика Коми,Усть-Вымская,467,641,620,0,498,73,49,73,498,8,563,0,0,1,21,31,498,6,1,2,3
513,Республика Коми,Усть-Вымская,468,144,140,0,110,16,14,16,110,0,126,0,0,2,15,19,89,1,0,0,0
514,Республика Коми,Усть-Вымская,469,241,220,0,201,9,10,9,201,3,207,0,0,1,30,21,147,5,2,0,1
515,Республика Коми,Усть-Вымская,470,173,160,0,134,12,14,12,134,0,146,0,0,1,19,17,98,5,4,1,1
516,Республика Коми,Усть-Вымская,471,135,130,0,99,23,8,23,99,2,120,0,0,1,6,12,100,1,0,0,0
517,Республика Коми,Усть-Вымская,472,117,120,0,90,22,8,22,90,0,112,0,0,2,7,6,93,2,2,0,0
518,Республика Коми,Усть-Вымская,473,2371,2300,0,1479,42,779,42,1479,25,1496,0,0,13,150,207,1069,30,11,12,4
519,Республика Коми,Усть-Вымская,474,2846,2750,0,1755,58,937,58,1755,21,1792,0,0,22,206,251,1243,37,4,17,12
520,Республика Коми,Усть-Вымская,475,2325,2200,0,1401,57,742,57,1401,19,1439,0,0,9,154,194,1024,21,6,15,16
521,Республика Коми,Усть-Вымская,476,85,110,0,69,2,39,2,69,2,69,0,0,1,2,13,50,0,2,0,1
522,Республика Коми,Усть-Куломская,500,183,190,0,98,15,77,15,98,0,113,0,0,1,16,14,76,3,1,0,2
523,Республика Коми,Усть-Куломская,501,609,650,0,315,41,294,41,315,4,352,0,0,1,21,31,292,2,1,3,1
524,Республика Коми,Усть-Куломская,502,400,400,0,203,23,174,23,203,0,226,0,0,3,12,21,181,5,2,2,0
525,Республика Коми,Усть-Куломская,503,291,300,15,143,13,129,28,143,5,166,0,0,1,17,22,118,3,3,0,2
526,Республика Коми,Усть-Куломская,504,444,450,60,215,60,115,120,215,2,333,0,0,2,14,43,269,2,1,1,1
527,Республика Коми,Усть-Куломская,505,406,400,0,221,24,155,24,221,1,244,0,0,2,5,20,207,5,1,0,4
528,Республика Коми,Усть-Куломская,506,1328,1300,0,759,40,501,40,759,13,786,0,0,4,74,84,598,16,4,5,1
529,Республика Коми,Усть-Куломская,507,199,200,0,124,17,59,17,124,7,134,0,0,0,6,16,109,1,1,1,0
530,Республика Коми,Усть-Куломская,508,328,300,0,169,16,115,16,169,4,181,0,0,2,7,21,148,1,2,0,0
531,Республика Коми,Усть-Куломская,509,2086,2100,0,1247,93,760,93,1247,27,1313,0,0,3,162,129,951,26,16,15,11
532,Республика Коми,Усть-Куломская,510,2095,2100,36,1199,64,801,100,1199,22,1277,0,0,14,133,124,950,23,13,11,9
533,Республика Коми,Усть-Куломская,511,850,800,0,395,71,334,71,395,6,460,0,0,5,20,41,382,3,2,5,2
534,Республика Коми,Усть-Куломская,512,218,200,0,106,6,88,6,106,1,111,0,0,2,4,17,87,0,1,0,0
535,Республика Коми,Усть-Куломская,513,1218,1200,31,573,62,534,93,573,8,658,0,0,7,57,80,480,10,13,8,3
536,Республика Коми,Усть-Куломская,514,536,500,129,223,32,116,161,223,2,382,0,0,2,34,33,305,2,4,1,1
537,Республика Коми,Усть-Куломская,515,169,150,12,74,8,56,20,74,0,94,0,0,0,2,10,80,1,1,0,0
538,Республика Коми,Усть-Куломская,516,1602,1600,111,605,140,744,251,605,10,846,0,0,2,88,95,633,12,5,5,6
539,Республика Коми,Усть-Куломская,517,575,500,0,242,50,208,50,242,1,291,0,0,2,21,47,215,2,2,2,0
540,Республика Коми,Усть-Куломская,518,513,550,0,289,37,224,37,289,3,323,0,0,1,37,39,236,5,2,1,2
541,Республика Коми,Усть-Куломская,519,212,200,71,73,2,54,73,73,0,146,0,0,1,4,11,125,3,1,0,1
542,Республика Коми,Усть-Куломская,520,302,300,54,139,13,94,67,139,6,200,0,0,3,8,31,151,2,1,3,1
543,Республика Коми,Усть-Куломская,521,347,350,0,251,46,53,46,251,0,297,0,0,2,11,31,242,2,3,3,3
544,Республика Коми,Усть-Куломская,522,377,350,0,196,41,113,41,196,2,235,0,0,1,10,28,193,0,2,1,0
545,Республика Коми,Усть-Куломская,523,296,300,0,168,19,113,19,168,0,187,0,0,3,8,27,142,1,2,4,0
546,Республика Коми,Усть-Куломская,524,854,900,0,442,49,409,49,442,4,487,0,0,4,39,34,398,5,4,1,2
547,Республика Коми,Усть-Куломская,525,738,750,125,245,27,353,152,244,5,391,0,0,3,48,39,290,8,2,0,1
548,Республика Коми,Усть-Куломская,526,473,450,81,199,18,152,99,199,2,296,0,0,2,59,33,186,4,7,3,2
549,Республика Коми,Усть-Куломская,527,491,500,95,209,6,190,101,209,5,305,0,0,1,15,42,239,2,3,2,1
550,Республика Коми,Усть-Куломская,528,507,500,39,262,22,177,61,262,4,319,0,0,2,33,22,248,6,3,0,5
551,Республика Коми,Усть-Куломская,529,180,180,0,103,15,62,15,103,0,118,0,0,2,15,10,91,0,0,0,0
552,Республика Коми,Усть-Куломская,530,1707,1700,140,798,48,714,188,798,11,975,0,0,11,141,94,705,6,8,9,1
553,Республика Коми,Усть-Куломская,531,401,400,35,236,24,105,59,236,4,291,0,0,0,14,31,231,3,5,5,2
554,Республика Коми,Усть-Куломская,532,183,190,0,125,5,60,5,125,2,128,0,0,1,21,9,85,9,2,1,0
555,Республика Коми,Усть-Куломская,533,318,300,0,171,16,113,16,171,5,182,0,0,1,15,24,130,5,6,0,1
556,Республика Коми,Усть-Куломская,534,244,240,0,157,13,70,13,157,2,168,0,0,1,11,23,132,1,0,0,0
557,Республика Коми,Усть-Цилемская,276,200,200,0,140,11,49,11,140,1,150,0,0,1,3,23,122,0,1,0,0
558,Республика Коми,Усть-Цилемская,277,716,690,128,355,17,190,145,355,3,497,0,0,8,59,88,322,8,10,0,2
559,Республика Коми,Усть-Цилемская,278,527,500,0,310,14,176,14,310,3,321,0,0,1,36,37,237,2,2,4,2
560,Республика Коми,Усть-Цилемская,279,2254,2100,7,1325,72,696,79,1325,21,1383,0,0,11,155,156,1018,16,9,9,9
561,Республика Коми,Усть-Цилемская,280,1496,1400,0,851,55,494,55,851,3,903,0,0,5,108,117,648,6,6,7,6
562,Республика Коми,Усть-Цилемская,281,152,140,0,88,9,43,9,88,2,95,0,0,2,21,10,62,0,0,0,0
563,Республика Коми,Усть-Цилемская,282,258,240,0,144,12,84,12,144,1,155,0,0,0,7,17,129,2,0,0,0
564,Республика Коми,Усть-Цилемская,283,386,370,75,172,4,119,79,172,0,251,0,0,2,3,39,199,3,0,5,0
565,Республика Коми,Усть-Цилемская,284,691,650,46,315,32,257,78,315,3,390,0,0,4,39,48,288,4,1,4,2
566,Республика Коми,Усть-Цилемская,285,308,280,33,139,10,98,43,139,0,182,0,0,0,6,7,166,1,1,1,0
567,Республика Коми,Усть-Цилемская,286,463,450,108,188,16,138,124,188,0,312,0,0,2,32,57,217,1,1,2,0
568,Республика Коми,Усть-Цилемская,287,506,520,0,310,25,185,25,310,2,333,0,0,1,31,38,253,5,0,3,2
569,Республика Коми,Усть-Цилемская,288,208,200,0,116,6,78,6,116,1,121,0,0,2,12,7,96,0,3,1,0
570,Республика Коми,Усть-Цилемская,289,157,170,6,96,9,59,15,96,1,110,0,0,0,3,22,83,0,2,0,0
571,Республика Коми,Усть-Цилемская,290,329,310,0,252,8,50,8,252,4,256,0,0,0,29,45,179,0,2,1,0
572,Республика Коми,Усть-Цилемская,291,282,280,32,110,11,127,43,110,0,153,0,0,1,6,23,113,9,0,0,1
573,Республика Коми,Усть-Цилемская,292,532,520,14,326,15,165,29,326,0,355,0,0,0,18,38,293,5,0,1,0
574,Республика Коми,Усть-Цилемская,293,159,160,0,82,8,70,8,82,0,90,0,0,0,3,32,53,1,0,1,0
575,Республика Коми,Усть-Цилемская,294,565,520,0,341,19,160,19,341,5,355,0,0,4,41,47,257,0,3,3,0
576,Республика Коми,Усть-Цилемская,295,169,160,0,103,7,50,7,103,1,109,0,0,0,16,10,81,1,1,0,0
577,Республика Коми,Усть-Цилемская,296,200,200,11,93,6,90,17,93,0,110,0,0,0,10,16,82,1,0,0,1
578,Республика Коми,Ухтинская городская,348,2456,2200,0,1501,38,661,38,1501,37,1502,0,0,14,159,132,1105,40,16,20,16
579,Республика Коми,Ухтинская городская,349,1648,1640,0,896,9,735,9,895,11,893,0,0,4,104,107,626,19,6,15,12
580,Республика Коми,Ухтинская городская,350,1795,1490,0,1333,22,135,22,1332,62,1292,0,0,23,195,129,835,54,12,19,25
581,Республика Коми,Ухтинская городская,351,1048,1000,0,656,12,332,12,656,9,659,0,0,3,79,62,484,12,4,9,6
582,Республика Коми,Ухтинская городская,352,2189,2000,0,1334,21,644,21,1333,12,1342,1,0,10,165,128,959,29,14,14,23
583,Республика Коми,Ухтинская городская,353,1988,1700,0,1227,19,454,19,1225,18,1226,0,0,6,136,111,889,36,17,14,17
584,Республика Коми,Ухтинская городская,354,1704,1600,0,1072,22,506,22,1072,23,1071,0,0,8,125,98,784,22,8,11,15
585,Республика Коми,Ухтинская городская,355,1880,1500,0,1176,34,290,34,1176,19,1191,0,0,11,125,122,867,20,11,15,20
586,Республика Коми,Ухтинская городская,356,1642,1400,0,1027,21,352,21,1027,26,1022,0,0,7,138,85,733,19,8,13,19
587,Республика Коми,Ухтинская городская,357,1793,1500,0,1087,20,393,20,1087,22,1085,0,0,12,107,93,799,29,8,20,17
588,Республика Коми,Ухтинская городская,358,2378,2100,0,1481,23,596,23,1480,35,1468,0,0,14,223,141,987,33,16,23,31
589,Республика Коми,Ухтинская городская,359,2776,2300,0,1941,12,347,12,1939,38,1913,0,0,14,223,140,1402,62,14,32,26
590,Республика Коми,Ухтинская городская,360,1141,1050,0,668,19,363,19,668,16,671,0,0,2,93,79,463,14,1,8,11
591,Республика Коми,Ухтинская городская,361,2462,2200,0,1402,46,752,46,1402,21,1427,0,0,8,146,117,1060,41,20,18,17
592,Республика Коми,Ухтинская городская,362,1041,1000,0,597,13,390,13,596,11,598,0,0,4,80,57,419,18,6,4,10
593,Республика Коми,Ухтинская городская,363,1339,1200,0,803,26,371,26,803,18,811,0,0,6,107,55,575,25,7,19,17
594,Республика Коми,Ухтинская городская,364,1440,1250,0,768,13,469,13,768,12,769,0,0,9,78,82,571,14,1,8,6
595,Республика Коми,Ухтинская городская,365,2023,1800,0,1026,11,763,11,1026,13,1024,0,0,4,114,104,772,7,7,12,4
596,Республика Коми,Ухтинская городская,366,2160,1850,0,1205,18,627,18,1203,15,1206,0,0,10,167,136,837,24,16,7,9
597,Республика Коми,Ухтинская городская,367,1517,1400,0,855,22,523,22,855,16,861,0,0,4,91,99,629,18,8,8,4
598,Республика Коми,Ухтинская городская,368,702,695,0,304,24,367,24,304,10,318,0,0,2,27,41,236,5,2,3,2
599,Республика Коми,Ухтинская городская,369,757,780,0,502,18,260,18,502,11,509,0,0,2,40,44,414,3,2,1,3
600,Республика Коми,Ухтинская городская,370,301,300,78,126,0,96,78,126,1,203,0,0,0,20,29,153,0,0,0,1
601,Республика Коми,Ухтинская городская,371,2100,1800,0,1267,53,480,53,1267,15,1305,0,0,10,171,128,939,21,11,14,11
602,Республика Коми,Ухтинская городская,372,2381,2200,0,1328,24,848,24,1328,31,1321,0,0,5,156,173,923,23,13,12,16
603,Республика Коми,Ухтинская городская,373,822,800,0,516,12,272,12,516,7,521,0,0,4,38,41,413,5,4,6,10
604,Республика Коми,Ухтинская городская,374,1138,1000,0,638,10,352,10,638,18,630,0,0,4,66,69,448,21,3,9,10
605,Республика Коми,Ухтинская городская,375,1780,1600,0,979,17,604,17,979,14,982,0,0,10,114,101,702,31,4,8,12
606,Республика Коми,Ухтинская городская,376,2656,2400,0,1687,54,659,54,1686,22,1718,0,0,15,231,148,1223,38,25,17,21
607,Республика Коми,Ухтинская городская,377,2168,1900,0,1357,15,528,15,1357,25,1347,0,0,9,140,104,1019,28,15,18,14
608,Республика Коми,Ухтинская городская,378,1487,1300,0,928,8,364,8,928,15,921,0,0,7,125,91,639,25,9,11,14
609,Республика Коми,Ухтинская городская,379,1403,1200,0,864,25,311,25,864,13,876,0,0,4,96,74,646,14,11,14,17
610,Республика Коми,Ухтинская городская,380,1477,1300,0,976,16,308,16,976,20,972,0,0,6,106,91,718,18,4,12,17
611,Республика Коми,Ухтинская городская,381,1580,1400,0,1000,10,390,10,1000,13,997,0,0,8,115,92,717,26,5,12,22
612,Республика Коми,Ухтинская городская,382,1581,1400,0,1084,14,302,14,1084,19,1079,0,0,7,126,91,782,26,10,15,22
613,Республика Коми,Ухтинская городская,383,1400,1300,0,902,41,357,41,902,19,924,0,0,4,115,85,663,23,9,15,10
614,Республика Коми,Ухтинская городская,384,1893,1600,0,1298,15,287,15,1298,11,1302,0,0,11,160,123,941,23,9,22,13
615,Республика Коми,Ухтинская городская,385,1856,1600,0,1166,17,417,17,1165,9,1173,0,0,12,131,99,856,24,9,14,28
616,Республика Коми,Ухтинская городская,386,1370,1200,0,773,14,413,14,773,11,776,0,0,5,89,76,569,18,6,6,7
617,Республика Коми,Ухтинская городская,387,1778,1500,0,1067,14,419,14,1067,18,1063,0,0,12,130,91,740,42,13,18,17
618,Республика Коми,Ухтинская городская,388,1588,1400,0,908,10,482,10,908,7,911,0,0,5,111,68,673,12,13,15,14
619,Республика Коми,Ухтинская городская,389,1290,1100,0,808,8,284,8,805,11,802,0,0,8,99,59,585,17,10,11,13
620,Республика Коми,Ухтинская городская,390,1713,1500,0,1098,20,382,20,1098,13,1105,0,0,13,134,93,803,27,7,20,8
621,Республика Коми,Ухтинская городская,391,2174,2000,0,1286,32,682,32,1286,8,1310,0,0,10,148,103,990,30,11,9,9
622,Республика Коми,Ухтинская городская,392,697,675,0,405,12,258,12,403,4,411,0,0,2,51,50,291,5,3,5,4
623,Республика Коми,Ухтинская городская,393,734,700,0,422,22,256,22,422,7,437,0,0,6,82,42,299,2,0,5,1
624,Республика Коми,Ухтинская городская,394,271,271,43,120,9,99,52,120,0,172,0,0,1,10,25,134,2,0,0,0
625,Республика Коми,Ухтинская городская,395,1648,1500,0,873,41,586,41,872,14,899,0,0,4,109,94,659,17,5,7,4
626,Республика Коми,Ухтинская городская,396,1611,1500,0,965,49,486,49,965,7,1007,0,0,10,129,100,741,12,7,4,4
627,Республика Коми,Ухтинская городская,397,1628,1500,0,822,41,637,41,822,8,855,0,0,8,112,90,608,8,14,4,11
628,Республика Коми,Ухтинская городская,398,1069,1170,38,521,60,551,98,521,8,611,0,0,6,58,86,445,5,6,4,1
629,Республика Коми,Ухтинская городская,399,766,700,0,347,13,340,13,347,7,353,0,0,4,40,45,253,7,2,2,0
630,Республика Коми,Ухтинская городская,400,2119,1800,0,1326,25,449,25,1326,19,1332,0,0,13,159,143,953,27,10,11,16
631,Республика Коми,Ухтинская городская,401,1547,1400,0,989,12,399,12,989,15,986,0,0,10,108,116,714,11,8,10,9
632,Республика Коми,Ухтинская городская,402,1645,1500,0,989,21,490,21,989,19,991,0,0,7,118,109,714,13,10,15,5
633,Республика Коми,Ухтинская городская,403,212,600,0,123,49,428,49,123,0,172,0,0,1,17,20,128,6,0,0,0
634,Республика Коми,Ухтинская городская,404,54,100,0,49,0,51,0,49,1,48,0,0,0,8,2,37,0,0,0,1
635,Республика Коми,Ухтинская городская,405,45,100,0,45,0,55,0,45,0,45,0,0,1,0,1,43,0,0,0,0
636,Республика Коми,"Сыктывкар, Эжвинская",89,1301,1100,0,882,9,209,9,882,4,887,0,0,7,124,65,633,25,8,11,14
637,Республика Коми,"Сыктывкар, Эжвинская",90,2261,2000,0,1538,25,437,25,1538,14,1549,0,0,11,215,121,1096,48,20,22,16
638,Республика Коми,"Сыктывкар, Эжвинская",91,2162,2000,0,1497,17,486,17,1497,12,1502,0,0,15,180,128,1105,31,8,19,16
639,Республика Коми,"Сыктывкар, Эжвинская",92,1730,1500,0,1077,24,399,24,1077,18,1083,0,0,7,131,85,802,27,9,12,10
640,Республика Коми,"Сыктывкар, Эжвинская",93,1692,1500,0,1141,21,338,21,1141,16,1146,0,0,7,138,119,832,24,6,7,13
641,Республика Коми,"Сыктывкар, Эжвинская",94,2034,1800,0,1429,13,358,13,1429,18,1424,0,0,12,197,119,1023,30,17,15,11
642,Республика Коми,"Сыктывкар, Эжвинская",95,1379,1200,0,862,23,315,23,862,5,880,0,0,5,98,97,639,12,10,8,11
643,Республика Коми,"Сыктывкар, Эжвинская",96,2155,1900,0,1453,23,424,23,1453,23,1453,0,0,9,155,138,1069,29,15,19,19
644,Республика Коми,"Сыктывкар, Эжвинская",97,1961,1800,0,1301,21,478,21,1301,10,1312,0,0,10,171,123,940,23,8,15,22
645,Республика Коми,"Сыктывкар, Эжвинская",98,2006,1800,0,1379,23,398,23,1378,13,1388,0,0,12,141,122,1049,30,11,12,11
646,Республика Коми,"Сыктывкар, Эжвинская",99,2105,2000,0,1342,44,614,44,1342,11,1375,0,0,5,144,122,1038,27,11,15,13
647,Республика Коми,"Сыктывкар, Эжвинская",100,1955,1700,0,1243,32,425,32,1243,11,1264,0,0,5,133,111,942,31,14,10,18
648,Республика Коми,"Сыктывкар, Эжвинская",101,2224,2000,0,1453,44,503,44,1453,19,1478,0,0,9,161,143,1084,35,15,14,17
649,Республика Коми,"Сыктывкар, Эжвинская",102,2340,2100,0,1442,43,615,43,1442,20,1465,0,0,13,139,156,1073,43,6,20,15
650,Республика Коми,"Сыктывкар, Эжвинская",103,2385,2100,0,1343,31,726,31,1343,14,1360,0,0,12,144,182,958,29,13,11,11
651,Республика Коми,"Сыктывкар, Эжвинская",104,1082,900,0,712,12,176,12,712,12,712,0,0,5,77,72,518,16,10,3,11
652,Республика Коми,"Сыктывкар, Эжвинская",105,1079,900,0,601,11,288,11,601,1,611,0,0,7,64,65,447,13,3,7,5
653,Республика Коми,"Сыктывкар, Эжвинская",106,1621,1200,0,903,18,279,18,902,9,911,0,0,9,91,108,653,17,13,12,8
654,Республика Коми,"Сыктывкар, Эжвинская",107,1251,1100,0,762,29,309,29,762,4,787,0,0,3,66,81,609,11,6,4,7
655,Республика Коми,"Сыктывкар, Эжвинская",108,1425,1200,0,788,41,371,41,788,10,819,0,0,14,67,120,586,15,3,10,4
656,Республика Коми,"Сыктывкар, Эжвинская",109,2154,1600,0,1188,91,321,91,1188,22,1257,0,0,16,149,143,888,33,8,11,9
657,Республика Коми,"Сыктывкар, Эжвинская",110,2116,1600,0,1091,22,487,22,1091,26,1087,0,0,5,98,155,783,27,6,7,6
658,Республика Коми,"Сыктывкар, Эжвинская",111,191,250,0,81,96,73,96,81,3,174,0,0,0,12,21,135,3,0,1,2
659,Республика Коми,"Сыктывкар, Эжвинская",112,107,150,0,104,0,46,0,104,2,102,0,0,0,5,12,75,3,3,3,1
